-- phpMyAdmin SQL Dump
-- version 2.6.4-pl3
-- http://www.phpmyadmin.net
-- 
-- Host: db417406861.db.1and1.com
-- Generation Time: Oct 01, 2012 at 12:06 PM
-- Server version: 5.0.91
-- PHP Version: 5.3.3-7+squeeze14
-- 
-- Database: `db417406861`
-- 

-- --------------------------------------------------------

-- 
-- Table structure for table `Directions`
-- 

DROP TABLE IF EXISTS `Directions`;
CREATE TABLE `Directions` (
  `directionID` int(11) NOT NULL auto_increment COMMENT '	',
  `directionString` varchar(500) collate utf8_bin default NULL,
  PRIMARY KEY  (`directionID`)
) ENGINE=InnoDB AUTO_INCREMENT=14 DEFAULT CHARSET=utf8 COLLATE=utf8_bin AUTO_INCREMENT=14 ;

-- 
-- Dumping data for table `Directions`
-- 

INSERT INTO `Directions` VALUES (1, 0x3c703e546865205468726565205175616c6974696573206f662074686520e2809865e280993c2f703e3c703e5b653a5d2c205bc99b5d2026205bc79d5d3c2f703e);
INSERT INTO `Directions` VALUES (2, 0x3c703e5768656e20666f6c6c6f776564206279e280a63c2f703e3c703e53696e676c6520436f6e736f6e616e74206f7220627920e2809868e280993c2f703e3c703e3d20746865204c6f6e6720436c6f7365643c2f703e3c703e5b653a5d3c2f703e0d0a);
INSERT INTO `Directions` VALUES (3, 0x3c703e5768656e20666f6c6c6f776564206279e280a63c2f703e3c703e446f75626c6520436f6e736f6e616e743c2f703e3c703e3d207468652053686f7274204f70656e3c2f703e3c703e5bc99b005d3c2f703e0a);
INSERT INTO `Directions` VALUES (4, 0x3c703e5768656e2027652720697320756e73747265737365642c3c2f703e3c703e697420697320746865206e65757472616c20766f77656c3c2f703e3c703e3d207468652053686f7274204f70656e3c2f703e3c703e5bc79d005d3c2f703e3c703e2e2e2e20616c736f2063616c6c6564207468652073636877613c2f703e);
INSERT INTO `Directions` VALUES (5, 0x3c703e546865204765726d616e205b653a5d206c6976657320696e207468652070726f78696d697479206f662074686520456e676c697368205b693a5d3c2f703e3c703e4c697374656e20616e64207265706561742074686520666f6c6c6f77696e6720456e676c69736820616e64204765726d616e20776f72647320636f6e7472617374696e672074686520456e676c69736820757365206f66205b693a5d207769746820746865204765726d616e20757365206f66205b653a5d2e3c2f703e);
INSERT INTO `Directions` VALUES (6, 0x3c68313e496d706f7274616e74204e6f74653c2f68313e0d203c703e546865204765726d616e205b653a5d2069732070726f6e6f756e6365642077697468204e4f204469706874686f6e67213c2f703e0d203c703e4e4f204449504854484f4e4720494d4147453c2f703e3c6120687265663d227777772e696e647765732e65647522207461726765743d225f6e6577223e4957553c2f613e);
INSERT INTO `Directions` VALUES (7, 0x3c7461626c653e0d0a3c74723e3c74643e3c753e456e676c6973683c2f753e3c2f74643e3c74643e3c753e4765726d616e3c2f753e3c2f74643e3c2f74723e0d0a3c74723e3c74643e666565205b66693a5d3c2f74643c74643e466565205b66653a5d3c2f74643e3c2f74723e0d0a3c74723e3c74643e73656174205b73693a745d3c2f74643e3c74643e73656874205b73653a745d3c2f74643e3c2f74723e0d0a0d0a0d0a3c2f7461626c653e);
INSERT INTO `Directions` VALUES (8, 0x3c7461626c653e0a3c74723e3c74643e3c753e456e676c6973683c2f753e3c2f74643e3c74643e3c753e4765726d616e3c2f753e3c2f74643e3c2f74723e0a3c74723e3c74643e647265616d205b6472693a6d5d3c2f74643c74643e647265686e205b6472653a6e5d3c2f74643e3c2f74723e0a3c74723e3c74643e72656164205b72693a645d3c2f74643e3c74643e7265646574205b72653a64c79d74005d3c2f74643e3c2f74723e0a0a0a3c2f7461626c653e);
INSERT INTO `Directions` VALUES (9, 0x3c703e546865204765726d616e205b653a5d206973206d75636820636c6f73657220746f2074686520456e676c697368205b693a5d207468616e206576656e2074686520456e676c697368205bc99b495d206469706874686f6e6720696e20776f7264732073756368206173203c623e73616d653c2f623e2e3c2f703e4c697374656e2061732074686520666f6c6c6f77696e6720776f726473206172652073756e6720636f6e7472617374696e6720456e676c69736820776f726473207769746820746865205b693a5d20616e6420746865205bc99b495d20746f20776f726473207769746820746865204765726d616e205b653a5d2e0d0a);
INSERT INTO `Directions` VALUES (10, 0x3c7461626c653e0d0a3c74723e3c74643e3c753e456e676c6973682053756e673c2f753e3c2f74643e3c74643e3c753e4765726d616e2053756e673c2f753e3c2f74643e3c2f74723e0d0a3c74723e3c74643e666565205b66693a5d3c2f74643c74643e466565205b66653a5d3c2f74643e3c2f74723e0d0a3c74723e3c74643e73656174205b73693a745d3c2f74643e3c74643e73656874205b73653a745d3c2f74643e3c2f74723e0d0a0d0a0d0a3c2f7461626c653e);
INSERT INTO `Directions` VALUES (11, 0x3c7461626c653e0d0a3c74723e3c74643e3c753e456e676c6973682053756e673c2f753e3c2f74643e3c74643e3c753e4765726d616e2053756e673c2f753e3c2f74643e3c2f74723e0d0a3c74723e3c74643e647265616d205b6472693a6d5d3c2f74643c74643e647265686e205b6472653a6e5d3c2f74643e3c2f74723e0d0a3c74723e3c74643e72656164205b72693a645d3c2f74643e3c74643e7265646574205b72653a64c79d745d3c2f74643e3c2f74723e0d0a0d0a0d0a3c2f7461626c653e);
INSERT INTO `Directions` VALUES (13, 0x5768656e20666f6c6c6f776564206279206120202073696e676c6520636f6e736f6e616e7420696e20616e20616363656e7465642073796c6c61626c652c2020203d20746865204c6f6e6720436c6f73656420205b653a5d3c2f703e20);

-- --------------------------------------------------------

-- 
-- Table structure for table `Letters`
-- 

DROP TABLE IF EXISTS `Letters`;
CREATE TABLE `Letters` (
  `letterID` int(11) NOT NULL auto_increment COMMENT '	',
  `lettersound` varchar(45) collate utf8_bin NOT NULL,
  `letterIPA` varchar(45) collate utf8_bin default NULL,
  PRIMARY KEY  (`letterID`)
) ENGINE=InnoDB AUTO_INCREMENT=3 DEFAULT CHARSET=utf8 COLLATE=utf8_bin AUTO_INCREMENT=3 ;

-- 
-- Dumping data for table `Letters`
-- 

INSERT INTO `Letters` VALUES (1, 0x65, 0x5b653a5d2c205bc99b5d2026205bc79d5d);
INSERT INTO `Letters` VALUES (2, 0x75, NULL);

-- --------------------------------------------------------

-- 
-- Table structure for table `Rules`
-- 

DROP TABLE IF EXISTS `Rules`;
CREATE TABLE `Rules` (
  `ruleID` int(11) NOT NULL auto_increment COMMENT '	',
  `ruleText` text collate utf8_bin NOT NULL,
  PRIMARY KEY  (`ruleID`)
) ENGINE=InnoDB AUTO_INCREMENT=7 DEFAULT CHARSET=utf8 COLLATE=utf8_bin AUTO_INCREMENT=7 ;

-- 
-- Dumping data for table `Rules`
-- 

INSERT INTO `Rules` VALUES (0, 0x4e756c6c);
INSERT INTO `Rules` VALUES (1, 0x456e676c69736820576f7264);
INSERT INTO `Rules` VALUES (2, 0x53696e676c6520436f6e736f6e616e74);
INSERT INTO `Rules` VALUES (3, 0x466f6c6c6f77656420627920276827);
INSERT INTO `Rules` VALUES (4, 0x446f75626c6520436f6e736f6e616e74);
INSERT INTO `Rules` VALUES (5, 0x5768656e20e2809865e2809920697320756e73747265737365642c20697420697320746865206e65757472616c20766f77656c206f722074686520277363687761270d0a);
INSERT INTO `Rules` VALUES (6, 0x446f75626c652027656527);

-- --------------------------------------------------------

-- 
-- Table structure for table `Screens`
-- 

DROP TABLE IF EXISTS `Screens`;
CREATE TABLE `Screens` (
  `screenID` int(11) NOT NULL auto_increment,
  `screentype` int(11) NOT NULL,
  `pagenumber` int(11) default NULL,
  `letterID` int(11) NOT NULL,
  PRIMARY KEY  (`screenID`)
) ENGINE=InnoDB AUTO_INCREMENT=39 DEFAULT CHARSET=utf8 COLLATE=utf8_bin AUTO_INCREMENT=39 ;

-- 
-- Dumping data for table `Screens`
-- 

INSERT INTO `Screens` VALUES (1, 3, 1, 1);
INSERT INTO `Screens` VALUES (2, 3, 2, 1);
INSERT INTO `Screens` VALUES (3, 3, 3, 1);
INSERT INTO `Screens` VALUES (4, 3, 4, 1);
INSERT INTO `Screens` VALUES (5, 3, 5, 1);
INSERT INTO `Screens` VALUES (6, 2, 6, 1);
INSERT INTO `Screens` VALUES (7, 2, 11, 1);
INSERT INTO `Screens` VALUES (8, 3, 16, 1);
INSERT INTO `Screens` VALUES (9, 2, 27, 1);
INSERT INTO `Screens` VALUES (10, 2, 28, 1);
INSERT INTO `Screens` VALUES (11, 3, 29, 1);
INSERT INTO `Screens` VALUES (12, 2, 30, 1);
INSERT INTO `Screens` VALUES (13, 2, 31, 1);
INSERT INTO `Screens` VALUES (14, 2, 32, 1);
INSERT INTO `Screens` VALUES (15, 2, 33, 1);
INSERT INTO `Screens` VALUES (16, 3, 1, 2);
INSERT INTO `Screens` VALUES (17, 3, 2, 2);
INSERT INTO `Screens` VALUES (18, 2, 34, 1);
INSERT INTO `Screens` VALUES (19, 2, 35, 1);
INSERT INTO `Screens` VALUES (21, 2, 7, 1);
INSERT INTO `Screens` VALUES (22, 2, 8, 1);
INSERT INTO `Screens` VALUES (23, 2, 9, 1);
INSERT INTO `Screens` VALUES (24, 2, 10, 1);
INSERT INTO `Screens` VALUES (25, 2, 12, 1);
INSERT INTO `Screens` VALUES (26, 2, 13, 1);
INSERT INTO `Screens` VALUES (27, 2, 14, 1);
INSERT INTO `Screens` VALUES (28, 2, 15, 1);
INSERT INTO `Screens` VALUES (29, 2, 17, 1);
INSERT INTO `Screens` VALUES (30, 2, 18, 1);
INSERT INTO `Screens` VALUES (31, 2, 19, 1);
INSERT INTO `Screens` VALUES (32, 2, 20, 1);
INSERT INTO `Screens` VALUES (33, 2, 21, 1);
INSERT INTO `Screens` VALUES (34, 2, 22, 1);
INSERT INTO `Screens` VALUES (35, 2, 23, 1);
INSERT INTO `Screens` VALUES (36, 2, 24, 1);
INSERT INTO `Screens` VALUES (37, 2, 25, 1);
INSERT INTO `Screens` VALUES (38, 2, 26, 1);

-- --------------------------------------------------------

-- 
-- Table structure for table `Screens_Directions`
-- 

DROP TABLE IF EXISTS `Screens_Directions`;
CREATE TABLE `Screens_Directions` (
  `screenID` int(11) NOT NULL,
  `directionID` int(11) NOT NULL,
  PRIMARY KEY  (`screenID`,`directionID`),
  KEY `fk_Screens_has_Directions_Directions1` (`directionID`)
) ENGINE=InnoDB DEFAULT CHARSET=utf8 COLLATE=utf8_bin;

-- 
-- Dumping data for table `Screens_Directions`
-- 

INSERT INTO `Screens_Directions` VALUES (1, 1);
INSERT INTO `Screens_Directions` VALUES (2, 2);
INSERT INTO `Screens_Directions` VALUES (3, 3);
INSERT INTO `Screens_Directions` VALUES (4, 4);
INSERT INTO `Screens_Directions` VALUES (5, 5);
INSERT INTO `Screens_Directions` VALUES (11, 6);
INSERT INTO `Screens_Directions` VALUES (8, 9);

-- --------------------------------------------------------

-- 
-- Table structure for table `Screens_Words`
-- 

DROP TABLE IF EXISTS `Screens_Words`;
CREATE TABLE `Screens_Words` (
  `screenID` int(11) NOT NULL,
  `wordID` int(11) NOT NULL,
  PRIMARY KEY  (`screenID`,`wordID`),
  KEY `fk_Screens_has_Words_Words1` (`wordID`)
) ENGINE=InnoDB DEFAULT CHARSET=utf8 COLLATE=utf8_bin;

-- 
-- Dumping data for table `Screens_Words`
-- 

INSERT INTO `Screens_Words` VALUES (12, 24);
INSERT INTO `Screens_Words` VALUES (13, 26);
INSERT INTO `Screens_Words` VALUES (14, 27);
INSERT INTO `Screens_Words` VALUES (15, 28);
INSERT INTO `Screens_Words` VALUES (6, 33);
INSERT INTO `Screens_Words` VALUES (7, 34);
INSERT INTO `Screens_Words` VALUES (9, 35);
INSERT INTO `Screens_Words` VALUES (10, 37);
INSERT INTO `Screens_Words` VALUES (18, 42);
INSERT INTO `Screens_Words` VALUES (19, 43);
INSERT INTO `Screens_Words` VALUES (21, 44);
INSERT INTO `Screens_Words` VALUES (22, 45);
INSERT INTO `Screens_Words` VALUES (23, 46);
INSERT INTO `Screens_Words` VALUES (24, 47);
INSERT INTO `Screens_Words` VALUES (25, 48);
INSERT INTO `Screens_Words` VALUES (26, 49);
INSERT INTO `Screens_Words` VALUES (27, 50);
INSERT INTO `Screens_Words` VALUES (28, 51);
INSERT INTO `Screens_Words` VALUES (29, 52);
INSERT INTO `Screens_Words` VALUES (30, 53);
INSERT INTO `Screens_Words` VALUES (31, 54);
INSERT INTO `Screens_Words` VALUES (32, 55);
INSERT INTO `Screens_Words` VALUES (33, 56);
INSERT INTO `Screens_Words` VALUES (34, 57);
INSERT INTO `Screens_Words` VALUES (35, 58);
INSERT INTO `Screens_Words` VALUES (36, 59);
INSERT INTO `Screens_Words` VALUES (37, 60);
INSERT INTO `Screens_Words` VALUES (38, 61);

-- --------------------------------------------------------

-- 
-- Table structure for table `Words`
-- 

DROP TABLE IF EXISTS `Words`;
CREATE TABLE `Words` (
  `wordID` int(11) NOT NULL auto_increment,
  `Name` varchar(40) collate utf8_bin NOT NULL,
  `IPA` varchar(45) collate utf8_bin default NULL,
  `Language` varchar(20) collate utf8_bin NOT NULL,
  `ruleID` int(11) NOT NULL,
  PRIMARY KEY  (`wordID`),
  KEY `fk_Words_Rules` (`ruleID`)
) ENGINE=InnoDB AUTO_INCREMENT=62 DEFAULT CHARSET=utf8 COLLATE=utf8_bin AUTO_INCREMENT=62 ;

-- 
-- Dumping data for table `Words`
-- 

INSERT INTO `Words` VALUES (3, 0x666565, 0x5b66693a5d, 0x456e676c697368, 1);
INSERT INTO `Words` VALUES (4, 0x73656174, 0x5b73693a745d, 0x456e676c697368, 1);
INSERT INTO `Words` VALUES (5, 0x6c65616e6564, 0x5b6c693a6e645d, 0x456e676c697368, 1);
INSERT INTO `Words` VALUES (6, 0x74656172, 0x5b74693a725d, 0x456e676c697368, 1);
INSERT INTO `Words` VALUES (7, 0x746561, 0x5b74693a5d, 0x456e676c697368, 1);
INSERT INTO `Words` VALUES (8, 0x466565, 0x5b66653a5d, 0x4765726d616e, 2);
INSERT INTO `Words` VALUES (9, 0x73656874, 0x5b73653a745d, 0x4765726d616e, 2);
INSERT INTO `Words` VALUES (10, 0x6c65686e74, 0x5b6c653a6e745d, 0x4765726d616e, 2);
INSERT INTO `Words` VALUES (11, 0x546565, 0x5b74653a5d, 0x4765726d616e, 2);
INSERT INTO `Words` VALUES (12, 0x54656572, 0x5b74653a725d, 0x4765726d616e, 2);
INSERT INTO `Words` VALUES (13, 0x647265616d, 0x5b6472693a6d5d, 0x456e676c697368, 1);
INSERT INTO `Words` VALUES (14, 0x62656174, 0x5b62693a745d, 0x456e676c697368, 1);
INSERT INTO `Words` VALUES (15, 0x72656164, 0x5b72693a645d, 0x456e676c697368, 1);
INSERT INTO `Words` VALUES (16, 0x68656172, 0x5b68693a725d, 0x456e676c697368, 1);
INSERT INTO `Words` VALUES (17, 0x6665656c, 0x5b66693a6c5d, 0x456e676c697368, 1);
INSERT INTO `Words` VALUES (19, 0x647265686e, 0x5b6472653a6e5d, 0x4765726d616e, 2);
INSERT INTO `Words` VALUES (20, 0x42656574, 0x5b62653a745d, 0x4765726d616e, 2);
INSERT INTO `Words` VALUES (21, 0x7265646574, 0x5b72653a64c79d745d, 0x4765726d616e, 2);
INSERT INTO `Words` VALUES (22, 0x68656872, 0x5b68653a725d, 0x4765726d616e, 2);
INSERT INTO `Words` VALUES (23, 0x6665686c65, 0x5b66653a6cc79d5d, 0x4765726d616e, 2);
INSERT INTO `Words` VALUES (24, 0x6562656e, 0x5b653a62c79d6e5d20, 0x4765726d616e, 2);
INSERT INTO `Words` VALUES (26, 0x77656874656e, 0x5b76653a74c79d6e5d, 0x4765726d616e, 2);
INSERT INTO `Words` VALUES (27, 0x6e65686d656e, 0x5b6e653a6dc79d6e5d, 0x4765726d616e, 2);
INSERT INTO `Words` VALUES (28, 0x42656574, 0x5b62653a745d, 0x4765726d616e, 2);
INSERT INTO `Words` VALUES (29, 0x64656e, 0x5b64653a6e5d, 0x4765726d616e, 2);
INSERT INTO `Words` VALUES (30, 0x737465686c656e, 0x5bca8374653a6cc79d6e5d, 0x4765726d616e, 3);
INSERT INTO `Words` VALUES (31, 0x4665646572, 0x5b66653a64c79dca815d, 0x4765726d616e, 2);
INSERT INTO `Words` VALUES (32, 0x526568, 0x5b72653a5d, 0x4765726d616e, 3);
INSERT INTO `Words` VALUES (33, 0x66656520466565, 0x5b66693a5d205b66653a5d, 0x454720506872617365, 1);
INSERT INTO `Words` VALUES (34, 0x647265616d20647265686e, 0x5b6472693a6d5d205b6472653a6e5d, 0x454720506872617365, 1);
INSERT INTO `Words` VALUES (35, 0x7465617220746561722054656572, 0x5b74693a725d, 0x454720506872617365, 1);
INSERT INTO `Words` VALUES (37, 0x6865617220686169722068656872, 0x5b68693ac79d5d205b68c99b49c79d5d205b68653ac79d5d20, 0x454720506872617365, 1);
INSERT INTO `Words` VALUES (42, 0x64656e, 0x5b64653a6e5d, 0x4765726d616e, 0);
INSERT INTO `Words` VALUES (43, 0x737465686c656e, 0x5bca8374653a6cc79d6e5d20, 0x4765726d616e, 0);
INSERT INTO `Words` VALUES (44, 0x736561742073656874, 0x5b73693a745d205b73653a745d, 0x4765726d616e, 0);
INSERT INTO `Words` VALUES (45, 0x6c65616e6564206c65686e74, 0x5b6c693a6e645d205b6c653a6e745d, 0x4765726d616e, 0);
INSERT INTO `Words` VALUES (46, 0x746561722074656572, 0x5b74693a725d205b74653a725d, 0x4765726d616e, 0);
INSERT INTO `Words` VALUES (47, 0x74656120546565, 0x5b74693a5d205b74653a5d, 0x4765726d616e, 0);
INSERT INTO `Words` VALUES (48, 0x626561742042656574, 0x5b62693a745d205b62653a745d, 0x4765726d616e, 0);
INSERT INTO `Words` VALUES (49, 0x72656164207265646574, 0x5b72693a645d205b72653a64c79d745d, 0x4765726d616e, 0);
INSERT INTO `Words` VALUES (50, 0x686561722068656872, 0x5b68693a725d205b68653a725d, 0x4765726d616e, 0);
INSERT INTO `Words` VALUES (51, 0x6665656c206665686c65, 0x5b66693a6c5d205b66653a6cc79d5d, 0x4765726d616e, 0);
INSERT INTO `Words` VALUES (52, 0x666565206661746520466565, 0x5b66693a5d205b66c99b49745d205b66653a5d, 0x4765726d616e, 0);
INSERT INTO `Words` VALUES (53, 0x736561742073616d652073656874, 0x5b73693a745d205b73c99b496d5d205b73653a745d, 0x4765726d616e, 0);
INSERT INTO `Words` VALUES (54, 0x6c65616e6564206c616e65206c65686e74, 0x5b6c693a6e645d205b6cc99b496e5d205b6c653a6e745d, 0x4765726d616e, 0);
INSERT INTO `Words` VALUES (55, 0x7465617220746561722054656572, 0x5b74693a725d205b74c99b49725d205b74653a725d, 0x4765726d616e, 0);
INSERT INTO `Words` VALUES (56, 0x7465612074616b6520546565, 0x5b74693a5d205b74c99b496b5d205b74653a5d, 0x4765726d616e, 0);
INSERT INTO `Words` VALUES (57, 0x647265616d206472616b6520647265686e, 0x5b6472693a6d5d205b6472c99b496b5d205b6472653a6e5d, 0x4765726d616e, 0);
INSERT INTO `Words` VALUES (58, 0x6265617420626169742042656574, 0x5b62693a745d205b62c99b49745d205b62653a745d, 0x4765726d616e, 0);
INSERT INTO `Words` VALUES (59, 0x726561642072616964207265646574, 0x5b72693a645d205b72c99b49645d205b72653a64c79d745d, 0x4765726d616e, 0);
INSERT INTO `Words` VALUES (60, 0x6865617220686169722068656872, 0x5b68693a725d205b68c99b49c79d5d205b68653a725d, 0x4765726d616e, 0);
INSERT INTO `Words` VALUES (61, 0x6665656c206661696c206665686c65, 0x5b66693a6c5d205b66c99b496c5d205b66653a6cc79d5d, 0x4765726d616e, 0);

-- --------------------------------------------------------

-- 
-- Table structure for table `employee`
-- 

DROP TABLE IF EXISTS `employee`;
CREATE TABLE `employee` (
  `id` int(11) NOT NULL auto_increment,
  `firstName` varchar(30) NOT NULL,
  `lastName` varchar(30) NOT NULL,
  `managerId` int(11) NOT NULL,
  `title` varchar(45) NOT NULL,
  `department` varchar(45) NOT NULL,
  `officePhone` varchar(45) NOT NULL,
  `cellPhone` varchar(45) NOT NULL,
  `email` varchar(45) NOT NULL,
  `city` varchar(45) NOT NULL,
  `picture` varchar(250) NOT NULL,
  PRIMARY KEY  (`id`)
) ENGINE=MyISAM AUTO_INCREMENT=22 DEFAULT CHARSET=latin1 AUTO_INCREMENT=22 ;

-- 
-- Dumping data for table `employee`
-- 

INSERT INTO `employee` VALUES (12, 'Steven', 'Wells', 4, 'Software Architect', 'Engineering', '617-000-0012', '781-000-0012', 'swells@fakemail.com', 'Boston, MA', 'steven_wells.jpg');
INSERT INTO `employee` VALUES (11, 'Amy', 'Jones', 5, 'Sales Representative', 'Sales', '617-000-0011', '781-000-0011', 'ajones@fakemail.com', 'Boston, MA', 'amy_jones.jpg');
INSERT INTO `employee` VALUES (10, 'Kathleen', 'Byrne', 5, 'Sales Representative', 'Sales', '617-000-0010', '781-000-0010', 'kbyrne@fakemail.com', 'Boston, MA', 'kathleen_byrne.jpg');
INSERT INTO `employee` VALUES (9, 'Gary', 'Donovan', 2, 'Marketing', 'Marketing', '617-000-0009', '781-000-0009', 'gdonovan@fakemail.com', 'Boston, MA', 'gary_donovan.jpg');
INSERT INTO `employee` VALUES (8, 'Lisa', 'Wong', 2, 'Marketing Manager', 'Marketing', '617-000-0008', '781-000-0008', 'lwong@fakemail.com', 'Boston, MA', 'lisa_wong.jpg');
INSERT INTO `employee` VALUES (7, 'Paula', 'Gates', 4, 'Software Architect', 'Engineering', '617-000-0007', '781-000-0007', 'pgates@fakemail.com', 'Boston, MA', 'paula_gates.jpg');
INSERT INTO `employee` VALUES (5, 'Ray', 'Moore', 1, 'VP of Sales', 'Sales', '617-000-0005', '781-000-0005', 'rmoore@fakemail.com', 'Boston, MA', 'ray_moore.jpg');
INSERT INTO `employee` VALUES (6, 'Paul', 'Jones', 4, 'QA Manager', 'Engineering', '617-000-0006', '781-000-0006', 'pjones@fakemail.com', 'Boston, MA', 'paul_jones.jpg');
INSERT INTO `employee` VALUES (3, 'Eugene', 'Lee', 1, 'CFO', 'Accounting', '617-000-0003', '781-000-0003', 'elee@fakemail.com', 'Boston, MA', 'eugene_lee.jpg');
INSERT INTO `employee` VALUES (4, 'John', 'Williams', 1, 'VP of Engineering', 'Engineering', '617-000-0004', '781-000-0004', 'jwilliams@fakemail.com', 'Boston, MA', 'john_williams.jpg');
INSERT INTO `employee` VALUES (2, 'Julie', 'Taylor', 1, 'VP of Marketing', 'Marketing', '617-000-0002', '781-000-0002', 'jtaylor@fakemail.com', 'Boston, MA', 'julie_taylor.jpg');
INSERT INTO `employee` VALUES (1, 'James', 'King', 0, 'President and CEO', 'Corporate', '617-000-0001', '781-000-0001', 'jking@fakemail.com', 'Boston, MA', 'james_king.jpg');
